Code,Date,OfficialRate
USD,2026-08-31,3.0396
USD,2026-09-01,3.0578
USD,2026-09-02,3.0629
USD,2026-09-03,3.0687
USD,2026-09-04,3.0792
USD,2026-09-05,3.0792
USD,2026-09-06,3.0792
USD,2026-09-07,3.0753
USD,2026-09-08,3.0665
USD,2026-09-09,3.0720
USD,2026-09-10,3.0581
USD,2026-09-11,3.0197
USD,2026-09-12,3.0197
USD,2026-09-13,3.0197
USD,2026-09-14,3.0280
USD,2026-09-15,3.0260
USD,2026-09-16,3.0286
USD,2026-09-17,3.0228
USD,2026-09-18,3.0279
USD,2026-09-19,3.0279
USD,2026-09-20,3.0279
USD,2026-09-21,3.0234
USD,2026-09-22,3.0222
USD,2026-09-23,3.0151
USD,2026-09-24,3.0205
USD,2026-09-25,3.0316
USD,2026-09-26,3.0316
USD,2026-09-27,3.0316
USD,2026-09-28,3.0276
USD,2026-09-29,3.0257
USD,2026-09-30,3.0285
USD,2026-10-01,3.0207
USD,2026-10-02,3.0051
USD,2026-10-03,3.0051
USD,2026-10-04,3.0051
USD,2026-10-05,3.0073
USD,2026-10-06,3.0371
USD,2026-10-07,3.0739
USD,2026-10-08,3.0667
USD,2026-10-09,3.0637
USD,2026-10-10,3.0637
USD,2026-10-11,3.0637
USD,2026-10-12,3.0392
EUR,2026-08-31,3.5383
EUR,2026-09-01,3.5467
EUR,2026-09-02,3.5512
EUR,2026-09-03,3.5507
EUR,2026-09-04,3.5738
EUR,2026-09-05,3.5738
EUR,2026-09-06,3.5738
EUR,2026-09-07,3.5726
EUR,2026-09-08,3.5632
EUR,2026-09-09,3.5677
EUR,2026-09-10,3.5545
EUR,2026-09-11,3.5131
EUR,2026-09-12,3.5131
EUR,2026-09-13,3.5131
EUR,2026-09-14,3.5113
EUR,2026-09-15,3.4922
EUR,2026-09-16,3.4946
EUR,2026-09-17,3.4879
EUR,2026-09-18,3.4736
EUR,2026-09-19,3.4736
EUR,2026-09-20,3.4736
EUR,2026-09-21,3.4716
EUR,2026-09-22,3.4694
EUR,2026-09-23,3.4571
EUR,2026-09-24,3.4461
EUR,2026-09-25,3.4487
EUR,2026-09-26,3.4487
EUR,2026-09-27,3.4487
EUR,2026-09-28,3.4487
EUR,2026-09-29,3.4418
EUR,2026-09-30,3.4323
EUR,2026-10-01,3.4309
EUR,2026-10-02,3.3860
EUR,2026-10-03,3.3860
EUR,2026-10-04,3.3860
EUR,2026-10-05,3.3830
EUR,2026-10-06,3.4033
EUR,2026-10-07,3.4560
EUR,2026-10-08,3.4338
EUR,2026-10-09,3.4256
EUR,2026-10-10,3.4256
EUR,2026-10-11,3.4256
EUR,2026-10-12,3.4097
RUB,2026-08-31,3.5623
RUB,2026-09-01,3.5527
RUB,2026-09-02,3.5525
RUB,2026-09-03,3.5546
RUB,2026-09-04,3.5554
RUB,2026-09-05,3.5554
RUB,2026-09-06,3.5554
RUB,2026-09-07,3.5661
RUB,2026-09-08,3.5714
RUB,2026-09-09,3.5698
RUB,2026-09-10,3.5862
RUB,2026-09-11,3.6038
RUB,2026-09-12,3.6038
RUB,2026-09-13,3.6038
RUB,2026-09-14,3.6080
RUB,2026-09-15,3.6095
RUB,2026-09-16,3.5999
RUB,2026-09-17,3.6018
RUB,2026-09-18,3.5990
RUB,2026-09-19,3.5990
RUB,2026-09-20,3.5990
RUB,2026-09-21,3.5957
RUB,2026-09-22,3.5935
RUB,2026-09-23,3.5986
RUB,2026-09-24,3.5954
RUB,2026-09-25,3.5843
RUB,2026-09-26,3.5843
RUB,2026-09-27,3.5843
RUB,2026-09-28,3.5914
RUB,2026-09-29,3.5891
RUB,2026-09-30,3.5882
RUB,2026-10-01,3.5962
RUB,2026-10-02,3.6121
RUB,2026-10-03,3.6121
RUB,2026-10-04,3.6121
RUB,2026-10-05,3.6125
RUB,2026-10-06,3.6032
RUB,2026-10-07,3.5870
RUB,2026-10-08,3.5871
RUB,2026-10-09,3.5893
RUB,2026-10-10,3.5893
RUB,2026-10-11,3.5893
RUB,2026-10-12,3.5899
CNY,2026-09-01,6.8280
CNY,2026-09-02,6.8865
CNY,2026-09-03,6.8953
CNY,2026-09-04,6.9050
CNY,2026-09-05,6.9050
CNY,2026-09-06,6.9050
CNY,2026-09-07,6.8828
CNY,2026-09-08,6.8825
CNY,2026-09-09,6.9128
CNY,2026-09-10,6.8826
CNY,2026-09-11,6.7592
CNY,2026-09-12,6.7592
CNY,2026-09-13,6.7592
CNY,2026-09-14,6.7901
CNY,2026-09-15,6.7903
CNY,2026-09-16,6.7870
CNY,2026-09-17,6.7714
CNY,2026-09-18,6.7464
CNY,2026-09-19,6.7464
CNY,2026-09-20,6.7464
CNY,2026-09-21,6.7667
CNY,2026-09-22,6.7689
CNY,2026-09-23,6.7291
CNY,2026-09-24,6.7304
CNY,2026-09-25,6.7307
CNY,2026-09-26,6.7307
CNY,2026-09-27,6.7307
CNY,2026-09-28,6.7255
CNY,2026-09-29,6.7502
CNY,2026-09-30,6.7446
CNY,2026-10-01,6.7284
CNY,2026-10-02,6.7115
CNY,2026-10-03,6.7115
CNY,2026-10-04,6.7115
CNY,2026-10-05,6.6623
CNY,2026-10-06,6.7547
CNY,2026-10-07,6.8345
CNY,2026-10-08,6.8307
CNY,2026-10-09,6.8328
CNY,2026-10-10,6.8328
CNY,2026-10-11,6.8328
CNY,2026-10-12,6.7872